player_name,predicted_points
Aaron_Connolly,0.18
Aaron_Connolly,0.06
Aaron_Connolly,0.08
Aaron_Cresswell,2.66
Aaron_Cresswell,2.68
Aaron_Cresswell,2.05
Aaron_Lennon,0.34
Aaron_Lennon,0.1
Aaron_Lennon,0.49
Aaron_Mooy,0.25
Aaron_Mooy,1.35
Aaron_Mooy,0.34
Aaron_Ramsdale,1.14
Aaron_Ramsdale,0.48
Aaron_Ramsdale,0.97
Aaron_Wan-Bissaka,6.1
Aaron_Wan-Bissaka,0.83
Aaron_Wan-Bissaka,5.55
Abd-Al-Ali Morakinyo Olaposi_Koiki,0.0
Abd-Al-Ali Morakinyo Olaposi_Koiki,0.0
Abd-Al-Ali Morakinyo Olaposi_Koiki,0.0
Abdoulaye_Doucouré,12.05
Abdoulaye_Doucouré,2.0
Abdoulaye_Doucouré,8.81
Adama_Traoré,0.78
Adama_Traoré,0.59
Adama_Traoré,0.92
Adam_Idah,0.85
Adam_Idah,0.96
Adam_Idah,0.35
Adam_Lallana,0.84
Adam_Lallana,0.86
Adam_Lallana,0.67
Adam_Masina,4.37
Adam_Masina,0.85
Adam_Masina,4.72
Adam_Smith,2.31
Adam_Smith,8.48
Adam_Smith,1.38
Adam_Webster,1.28
Adam_Webster,3.18
Adam_Webster,1.09
Addji Keaninkin Marc-Israel_Guehi,0.0
Addji Keaninkin Marc-Israel_Guehi,0.0
Addji Keaninkin Marc-Israel_Guehi,0.0
Ademola_Lookman,0.05
Ademola_Lookman,0.04
Ademola_Lookman,0.04
Adrian_Mariappa,6.5
Adrian_Mariappa,5.83
Adrian_Mariappa,4.3
Adrián_San Miguel del Castillo,0.03
Adrián_San Miguel del Castillo,0.04
Adrián_San Miguel del Castillo,0.06
Ahmed_El Mohamady,0.03
Ahmed_El Mohamady,0.0
Ahmed_El Mohamady,0.06
Ainsley_Maitland-Niles,0.74
Ainsley_Maitland-Niles,0.36
Ainsley_Maitland-Niles,0.43
Akin_Famewo,0.0
Akin_Famewo,0.0
Akin_Famewo,0.0
Albian_Ajeti,0.03
Albian_Ajeti,0.0
Albian_Ajeti,0.0
Alexander_Tettey,2.44
Alexander_Tettey,2.37
Alexander_Tettey,2.57
Alexandre Nascimento_Costa Silva,0.0
Alexandre Nascimento_Costa Silva,0.0
Alexandre Nascimento_Costa Silva,0.0
Alexandre_Lacazette,3.5
Alexandre_Lacazette,0.14
Alexandre_Lacazette,4.41
Alexis_Mac Allister,?
Alexis_Sánchez,0.05
Alexis_Sánchez,0.05
Alexis_Sánchez,0.06
Alex_Iwobi,0.68
Alex_Iwobi,0.66
Alex_Iwobi,0.59
Alex_McCarthy,3.66
Alex_McCarthy,6.83
Alex_McCarthy,10.27
Alex_Oxlade-Chamberlain,10.65
Alex_Oxlade-Chamberlain,14.37
Alex_Oxlade-Chamberlain,8.25
Alfie_Whiteman,0.0
Alfie_Whiteman,0.0
Alfie_Whiteman,0.0
Alireza_Jahanbakhsh,2.74
Alireza_Jahanbakhsh,4.34
Alireza_Jahanbakhsh,0.85
Alisson_Ramses Becker,5.0
Alisson_Ramses Becker,9.12
Alisson_Ramses Becker,1.13
Allan_Saint-Maximin,0.62
Allan_Saint-Maximin,6.7
Allan_Saint-Maximin,4.47
Andreas_Christensen,1.25
Andreas_Christensen,2.02
Andreas_Christensen,2.37
Andreas_Pereira,4.43
Andreas_Pereira,0.18
Andreas_Pereira,2.03
Andrew_Robertson,5.82
Andrew_Robertson,3.51
Andrew_Robertson,12.54
Andrew_Surman,0.82
Andrew_Surman,0.32
Andrew_Surman,0.22
Andre_Gray,0.67
Andre_Gray,1.09
Andre_Gray,0.94
Andre_Green,0.0
Andre_Green,0.0
Andre_Green,0.0
Andriy_Yarmolenko,0.13
Andriy_Yarmolenko,0.12
Andriy_Yarmolenko,0.12
Andros_Townsend,0.18
Andros_Townsend,0.02
Andros_Townsend,0.05
André Filipe_Tavares Gomes,0.88
André Filipe_Tavares Gomes,2.23
André Filipe_Tavares Gomes,1.92
Andy_Carroll,0.28
Andy_Carroll,0.41
Andy_Carroll,0.37
Andy_King,0.17
Andy_King,0.09
Andy_King,0.02
Andy_Lonergan,0.0
Andy_Lonergan,0.0
Andy_Lonergan,0.0
Angelo_Ogbonna,9.46
Angelo_Ogbonna,2.73
Angelo_Ogbonna,0.42
Angel_Gomes,0.0
Angel_Gomes,0.0
Angel_Gomes,0.0
Angus_Gunn,0.06
Angus_Gunn,0.06
Angus_Gunn,0.07
Anthony_Driscoll-Glennon,0.0
Anthony_Driscoll-Glennon,0.0
Anthony_Driscoll-Glennon,0.0
Anthony_Gordon,0.11
Anthony_Gordon,0.06
Anthony_Gordon,0.08
Anthony_Knockaert,0.19
Anthony_Knockaert,0.18
Anthony_Knockaert,0.19
Anthony_Martial,4.88
Anthony_Martial,6.65
Anthony_Martial,0.39
Antonio_Rüdiger,14.92
Antonio_Rüdiger,6.65
Antonio_Rüdiger,6.92
Anwar_El Ghazi,2.64
Anwar_El Ghazi,3.48
Anwar_El Ghazi,0.65
Archie_Mair,0.0
Archie_Mair,0.0
Archie_Mair,0.0
Armando_Broja,?
Arnaut_Danjuma Groeneveld,0.0
Arnaut_Danjuma Groeneveld,0.0
Arnaut_Danjuma Groeneveld,0.0
Arthur_Masuaku,0.45
Arthur_Masuaku,0.12
Arthur_Masuaku,0.43
Artur_Boruc,0.07
Artur_Boruc,0.07
Artur_Boruc,0.07
Ashley_Barnes,0.24
Ashley_Barnes,0.22
Ashley_Barnes,0.23
Ashley_Westwood,3.66
Ashley_Westwood,12.23
Ashley_Westwood,6.68
Ashley_Young,0.63
Ashley_Young,0.61
Ashley_Young,0.6
Asmir_Begovic,0.28
Asmir_Begovic,0.28
Asmir_Begovic,0.28
Axel_Tuanzebe,0.18
Axel_Tuanzebe,0.2
Axel_Tuanzebe,0.22
Aymeric_Laporte,0.91
Aymeric_Laporte,7.52
Aymeric_Laporte,2.53
Ayotomiwa_Dele-Bashiru,0.0
Ayotomiwa_Dele-Bashiru,0.0
Ayotomiwa_Dele-Bashiru,0.0
Ayoze_Pérez,2.44
Ayoze_Pérez,13.61
Ayoze_Pérez,3.09
Bailey_Peacock-Farrell,0.0
Bailey_Peacock-Farrell,0.0
Bailey_Peacock-Farrell,0.0
Bamidele_Alli,5.97
Bamidele_Alli,6.76
Bamidele_Alli,5.04
Beni_Baningime,0.0
Beni_Baningime,0.0
Beni_Baningime,0.0
Benjamin_Chilwell,2.34
Benjamin_Chilwell,6.8
Benjamin_Chilwell,3.82
Benjamin_Mendy,0.68
Benjamin_Mendy,2.08
Benjamin_Mendy,0.74
Ben_Davies,0.1
Ben_Davies,0.02
Ben_Davies,0.07
Ben_Foster,1.24
Ben_Foster,1.45
Ben_Foster,1.52
Ben_Gibson,0.04
Ben_Gibson,0.02
Ben_Gibson,0.05
Ben_Godfrey,2.01
Ben_Godfrey,0.59
Ben_Godfrey,0.23
Ben_Johnson,0.0
Ben_Johnson,0.0
Ben_Johnson,0.0
Ben_Mee,6.77
Ben_Mee,2.86
Ben_Mee,4.66
Ben_Osborn,0.06
Ben_Osborn,0.78
Ben_Osborn,0.05
Beram_Kayal,0.2
Beram_Kayal,0.14
Beram_Kayal,0.09
Bernardo Mota_Veiga de Carvalho e Silva,3.81
Bernardo Mota_Veiga de Carvalho e Silva,1.63
Bernardo Mota_Veiga de Carvalho e Silva,1.83
Bernardo_Costa Da Rosa,0.0
Bernardo_Costa Da Rosa,0.0
Bernardo_Costa Da Rosa,0.0
Bernardo_Fernandes da Silva Junior,6.67
Bernardo_Fernandes da Silva Junior,2.43
Bernardo_Fernandes da Silva Junior,2.37
Bernard_Anício Caldeira Duarte,2.66
Bernard_Anício Caldeira Duarte,4.58
Bernard_Anício Caldeira Duarte,0.35
Bernard_Ashley-Seal,0.0
Bernard_Ashley-Seal,0.0
Bernard_Ashley-Seal,0.0
Bernd_Leno,0.25
Bernd_Leno,7.62
Bernd_Leno,2.6
Billy_Gilmour,0.5
Billy_Gilmour,0.06
Billy_Gilmour,0.01
Billy_Sharp,2.09
Billy_Sharp,2.62
Billy_Sharp,3.91
Birkir_Bjarnason,0.0
Birkir_Bjarnason,0.0
Birkir_Bjarnason,0.0
Bjorn_Engels,0.78
Bjorn_Engels,5.89
Bjorn_Engels,2.97
Borja_González Tomás,?
Brandon_Austin,0.0
Brandon_Austin,0.0
Brandon_Austin,0.0
Brandon_Pierrick,0.0
Brandon_Pierrick,0.0
Brandon_Pierrick,0.0
Brandon_Williams,2.81
Brandon_Williams,1.01
Brandon_Williams,1.11
Bruno André_Cavaco Jordao,?
Bruno Miguel_Borges Fernandes,?
Bukayo_Saka,5.09
Bukayo_Saka,7.69
Bukayo_Saka,6.47
Callum_Hudson-Odoi,3.4
Callum_Hudson-Odoi,0.12
Callum_Hudson-Odoi,0.7
Callum_Robinson,0.02
Callum_Robinson,0.05
Callum_Robinson,0.0
Callum_Slattery,0.0
Callum_Slattery,0.0
Callum_Slattery,0.0
Callum_Wilson,2.15
Callum_Wilson,3.99
Callum_Wilson,1.87
Calum_Chambers,1.81
Calum_Chambers,2.44
Calum_Chambers,2.58
Caoimhin_Kelleher,0.0
Caoimhin_Kelleher,0.0
Caoimhin_Kelleher,0.0
Carlos_Sánchez,0.1
Carlos_Sánchez,0.1
Carlos_Sánchez,0.1
Carl_Jenkinson,0.0
Carl_Jenkinson,0.0
Carl_Jenkinson,0.0
Cenk_Tosun,2.72
Cenk_Tosun,2.02
Cenk_Tosun,3.76
Charlie_Austin,0.09
Charlie_Austin,0.14
Charlie_Austin,0.17
Charlie_Daniels,0.99
Charlie_Daniels,0.73
Charlie_Daniels,0.59
Charlie_Taylor,4.72
Charlie_Taylor,2.73
Charlie_Taylor,3.73
Cheikhou_Kouyaté,5.7
Cheikhou_Kouyaté,7.31
Cheikhou_Kouyaté,0.94
Che_Adams,1.31
Che_Adams,2.0
Che_Adams,1.8
Christian_Atsu,0.44
Christian_Atsu,0.27
Christian_Atsu,0.54
Christian_Benteke,1.98
Christian_Benteke,5.08
Christian_Benteke,4.26
Christian_Eriksen,0.98
Christian_Eriksen,1.22
Christian_Eriksen,0.97
Christian_Fuchs,0.05
Christian_Fuchs,0.17
Christian_Fuchs,0.16
Christian_Kabasele,6.96
Christian_Kabasele,0.85
Christian_Kabasele,7.28
Christian_Pulisic,0.28
Christian_Pulisic,0.25
Christian_Pulisic,0.23
Christian_Saydee,0.0
Christian_Saydee,0.0
Christian_Saydee,0.0
Christoph_Zimmermann,2.38
Christoph_Zimmermann,2.7
Christoph_Zimmermann,2.85
Chris_Basham,1.98
Chris_Basham,0.5
Chris_Basham,4.98
Chris_Mepham,0.09
Chris_Mepham,0.12
Chris_Mepham,0.14
Chris_Smalling,0.84
Chris_Smalling,0.78
Chris_Smalling,0.87
Chris_Wood,1.72
Chris_Wood,2.59
Chris_Wood,0.18
Ciaran_Clark,0.97
Ciaran_Clark,2.66
Ciaran_Clark,0.03
Claudio_Bravo,0.36
Claudio_Bravo,0.33
Claudio_Bravo,0.33
Connor_Wickham,1.59
Connor_Wickham,1.02
Connor_Wickham,1.53
Conor_Coady,6.61
Conor_Coady,5.12
Conor_Coady,1.66
Conor_Hourihane,0.76
Conor_Hourihane,1.0
Conor_Hourihane,1.02
Craig_Cathcart,2.38
Craig_Cathcart,2.18
Craig_Cathcart,0.16
Craig_Dawson,0.06
Craig_Dawson,0.64
Craig_Dawson,2.89
Curtis_Jones,0.0
Curtis_Jones,0.0
Curtis_Jones,0.48
Cédric_Soares,3.19
Cédric_Soares,1.86
Cédric_Soares,2.94
César_Azpilicueta,5.25
César_Azpilicueta,3.95
César_Azpilicueta,2.42
Dale_Stephens,0.47
Dale_Stephens,1.07
Dale_Stephens,0.34
Daniel_Amartey,0.11
Daniel_Amartey,0.18
Daniel_Amartey,0.25
Daniel_Castelo Podence,?
Daniel_Ceballos Fernández,0.7
Daniel_Ceballos Fernández,0.98
Daniel_Ceballos Fernández,1.25
Daniel_Drinkwater,0.95
Daniel_Drinkwater,0.83
Daniel_Drinkwater,0.79
Daniel_James,4.03
Daniel_James,0.24
Daniel_James,3.7
Daniel_N'Lundulu,0.0
Daniel_N'Lundulu,0.0
Daniel_N'Lundulu,0.0
Danilo Luiz_da Silva,0.25
Danilo Luiz_da Silva,0.25
Danilo Luiz_da Silva,0.22
Danny_Ings,0.83
Danny_Ings,3.04
Danny_Ings,3.53
Danny_Rose,8.97
Danny_Rose,3.24
Danny_Rose,5.58
Danny_Ward,0.07
Danny_Ward,0.08
Danny_Ward,0.1
Danny_Welbeck,0.25
Danny_Welbeck,0.18
Danny_Welbeck,0.04
Dan_Burn,1.07
Dan_Burn,1.07
Dan_Burn,2.06
Dan_Gosling,0.57
Dan_Gosling,2.57
Dan_Gosling,4.92
Darren_Randolph,0.01
Darren_Randolph,0.0
Darren_Randolph,0.0
Daryl_Janmaat,0.32
Daryl_Janmaat,0.34
Daryl_Janmaat,0.35
Davide_Zappacosta,0.02
Davide_Zappacosta,0.01
Davide_Zappacosta,0.01
David_Brooks,0.16
David_Brooks,0.15
David_Brooks,0.15
David_Button,0.0
David_Button,0.0
David_Button,0.0
David_de Gea,1.05
David_de Gea,8.5
David_de Gea,9.63
David_Luiz Moreira Marinho,6.82
David_Luiz Moreira Marinho,13.49
David_Luiz Moreira Marinho,11.28
David_Martin,0.02
David_Martin,0.01
David_Martin,0.0
David_McGoldrick,0.22
David_McGoldrick,0.08
David_McGoldrick,0.41
David_Silva,0.98
David_Silva,0.53
David_Silva,0.31
Davinson_Sánchez,3.63
Davinson_Sánchez,8.95
Davinson_Sánchez,4.86
Davy_Pröpper,3.35
Davy_Pröpper,7.66
Davy_Pröpper,14.57
DeAndre_Yedlin,0.03
DeAndre_Yedlin,0.04
DeAndre_Yedlin,0.04
Dean_Henderson,2.72
Dean_Henderson,3.32
Dean_Henderson,3.66
Declan_Rice,0.42
Declan_Rice,0.0
Declan_Rice,0.69
Dejan_Lovren,0.54
Dejan_Lovren,0.0
Dejan_Lovren,0.78
Demarai_Gray,0.21
Demarai_Gray,0.3
Demarai_Gray,0.35
Dennis_Praet,4.18
Dennis_Praet,5.89
Dennis_Praet,0.62
Dennis_Srbeny,0.28
Dennis_Srbeny,0.28
Dennis_Srbeny,0.37
Diego_Rico,2.26
Diego_Rico,0.38
Diego_Rico,2.04
Dimitri_Foulquier,0.0
Dimitri_Foulquier,0.0
Dimitri_Foulquier,0.0
Diogo_Jota,15.08
Diogo_Jota,10.05
Diogo_Jota,5.01
Divock_Origi,0.67
Divock_Origi,0.33
Divock_Origi,0.45
Djibril_Sidibé,2.41
Djibril_Sidibé,3.55
Djibril_Sidibé,3.84
Domingos_Quina,0.25
Domingos_Quina,0.07
Domingos_Quina,0.09
Dominic_Calvert-Lewin,6.55
Dominic_Calvert-Lewin,3.75
Dominic_Calvert-Lewin,3.91
Dominic_Solanke,0.25
Dominic_Solanke,0.47
Dominic_Solanke,4.52
Douglas Luiz_Soares de Paulo,0.66
Douglas Luiz_Soares de Paulo,3.57
Douglas Luiz_Soares de Paulo,3.52
Dwight_Gayle,3.09
Dwight_Gayle,11.09
Dwight_Gayle,5.25
Dwight_McNeil,3.9
Dwight_McNeil,7.15
Dwight_McNeil,5.96
Ederson_Santana de Moraes,6.26
Ederson_Santana de Moraes,7.57
Ederson_Santana de Moraes,1.77
Edward_Nketiah,7.86
Edward_Nketiah,2.5
Edward_Nketiah,8.64
Eldin_Jakupovic,0.13
Eldin_Jakupovic,0.11
Eldin_Jakupovic,0.12
Emerson_Palmieri dos Santos,0.66
Emerson_Palmieri dos Santos,0.14
Emerson_Palmieri dos Santos,0.32
Emile_Smith Rowe,0.0
Emile_Smith Rowe,0.0
Emile_Smith Rowe,0.0
Emiliano_Buendía,2.79
Emiliano_Buendía,1.61
Emiliano_Buendía,2.1
Emiliano_Martínez,0.0
Emiliano_Martínez,0.0
Emiliano_Martínez,0.0
Emil_Krafth,0.26
Emil_Krafth,3.66
Emil_Krafth,0.35
Enda_Stevens,7.39
Enda_Stevens,0.63
Enda_Stevens,6.92
Eric_Bailly,1.07
Eric_Bailly,0.44
Eric_Bailly,4.9
Eric_Dier,2.81
Eric_Dier,6.53
Eric_Dier,3.63
Eric_Garcia,0.54
Eric_Garcia,0.6
Eric_Garcia,0.63
Erik_Lamela,4.07
Erik_Lamela,3.2
Erik_Lamela,1.25
Erik_Pieters,1.18
Erik_Pieters,1.13
Erik_Pieters,0.89
Ethan_Ampadu,0.0
Ethan_Ampadu,0.0
Ethan_Ampadu,0.0
Etienne_Capoue,1.59
Etienne_Capoue,3.45
Etienne_Capoue,1.9
Ezequiel_Schelotto,0.03
Ezequiel_Schelotto,0.32
Ezequiel_Schelotto,0.27
Ezri_Konsa Ngoyo,2.93
Ezri_Konsa Ngoyo,4.7
Ezri_Konsa Ngoyo,1.56
Fabian_Delph,7.76
Fabian_Delph,4.58
Fabian_Delph,1.78
Fabian_Schär,1.9
Fabian_Schär,1.74
Fabian_Schär,0.03
Fabio Henrique_Tavares,0.98
Fabio Henrique_Tavares,1.45
Fabio Henrique_Tavares,0.79
Fabián_Balbuena,0.08
Fabián_Balbuena,0.09
Fabián_Balbuena,0.09
Faustino_Anjorin,?
Federico_Fernández,3.59
Federico_Fernández,2.61
Federico_Fernández,2.0
Felipe Anderson_Pereira Gomes,1.65
Felipe Anderson_Pereira Gomes,2.0
Felipe Anderson_Pereira Gomes,0.55
Fernando_Luiz Rosa,0.14
Fernando_Luiz Rosa,0.98
Fernando_Luiz Rosa,1.05
Fikayo_Tomori,0.08
Fikayo_Tomori,0.08
Fikayo_Tomori,0.08
Filip_Benkovic,0.0
Filip_Benkovic,0.0
Filip_Benkovic,0.0
Florian_Lejeune,12.96
Florian_Lejeune,12.49
Florian_Lejeune,12.62
Florin_Andone,0.2
Florin_Andone,0.22
Florin_Andone,0.17
Francisco_Femenía Far,6.49
Francisco_Femenía Far,6.46
Francisco_Femenía Far,4.3
Fraser_Forster,0.88
Fraser_Forster,0.53
Fraser_Forster,0.4
Frederick_Woodman,0.0
Frederick_Woodman,0.0
Frederick_Woodman,0.0
Frederico_Rodrigues de Paula Santos,2.19
Frederico_Rodrigues de Paula Santos,1.38
Frederico_Rodrigues de Paula Santos,1.37
Frédéric_Guilbert,0.3
Frédéric_Guilbert,0.15
Frédéric_Guilbert,0.1
Gabriel Fernando_de Jesus,2.38
Gabriel Fernando_de Jesus,0.76
Gabriel Fernando_de Jesus,4.91
Gabriel Teodoro_Martinelli Silva,1.51
Gabriel Teodoro_Martinelli Silva,2.19
Gabriel Teodoro_Martinelli Silva,3.3
Gary_Cahill,8.06
Gary_Cahill,6.43
Gary_Cahill,8.7
Gavin_Kilkenny,0.0
Gavin_Kilkenny,0.0
Gavin_Kilkenny,0.0
Gaëtan_Bong,0.31
Gaëtan_Bong,0.25
Gaëtan_Bong,0.21
Gedson_Carvalho Fernandes,?
Georges-Kévin_Nkoudou,0.1
Georges-Kévin_Nkoudou,0.09
Georges-Kévin_Nkoudou,0.05
George_Baldock,0.64
George_Baldock,2.61
George_Baldock,0.11
Georginio_Wijnaldum,4.12
Georginio_Wijnaldum,3.78
Georginio_Wijnaldum,3.16
Gerard_Deulofeu,0.96
Gerard_Deulofeu,0.54
Gerard_Deulofeu,0.36
Giovani_Lo Celso,0.56
Giovani_Lo Celso,0.77
Giovani_Lo Celso,0.67
Giovanni_McGregor,?
Glenn_Murray,1.14
Glenn_Murray,0.14
Glenn_Murray,3.76
Gonçalo Bento_Soares Cardoso,0.0
Gonçalo Bento_Soares Cardoso,0.0
Gonçalo Bento_Soares Cardoso,0.0
Grady_Diangana,0.09
Grady_Diangana,0.1
Grady_Diangana,0.01
Granit_Xhaka,0.26
Granit_Xhaka,0.07
Granit_Xhaka,0.46
Grant_Hanley,0.78
Grant_Hanley,3.6
Grant_Hanley,5.73
Gylfi_Sigurdsson,0.6
Gylfi_Sigurdsson,1.17
Gylfi_Sigurdsson,1.38
Hamza_Choudhury,3.77
Hamza_Choudhury,1.52
Hamza_Choudhury,2.91
Harry_Kane,0.85
Harry_Kane,0.72
Harry_Kane,0.62
Harry_Lewis,0.0
Harry_Lewis,0.0
Harry_Lewis,0.0
Harry_Maguire,11.38
Harry_Maguire,28.99
Harry_Maguire,6.1
Harry_Wilson,2.55
Harry_Wilson,0.84
Harry_Wilson,0.79
Harry_Winks,0.86
Harry_Winks,1.32
Harry_Winks,1.35
Harvey_Barnes,8.76
Harvey_Barnes,11.28
Harvey_Barnes,11.53
Harvey_Elliott,0.0
Harvey_Elliott,0.0
Harvey_Elliott,0.0
Henrikh_Mkhitaryan,0.77
Henrikh_Mkhitaryan,0.77
Henrikh_Mkhitaryan,0.78
Henri_Lansbury,0.01
Henri_Lansbury,0.2
Henri_Lansbury,0.33
Heung-Min_Son,0.4
Heung-Min_Son,2.04
Heung-Min_Son,1.22
Heurelho da Silva_Gomes,0.0
Heurelho da Silva_Gomes,0.0
Heurelho da Silva_Gomes,0.0
Hugo_Lloris,4.74
Hugo_Lloris,11.15
Hugo_Lloris,6.54
Héctor_Bellerín,11.39
Héctor_Bellerín,6.91
Héctor_Bellerín,15.53
Hélder_Costa,0.22
Hélder_Costa,0.41
Hélder_Costa,0.7
Ibrahim_Amadou,0.15
Ibrahim_Amadou,0.05
Ibrahim_Amadou,0.06
Idrissa_Gueye,1.55
Idrissa_Gueye,1.18
Idrissa_Gueye,1.23
Ignacio_Pussetto,?
Ilkay_Gündogan,2.32
Ilkay_Gündogan,1.44
Ilkay_Gündogan,1.0
Indiana_Vassilev,?
Isaac_Hayden,1.12
Isaac_Hayden,2.07
Isaac_Hayden,1.62
Isaac_Success Ajayi,0.11
Isaac_Success Ajayi,0.0
Isaac_Success Ajayi,0.12
Ismaïla_Sarr,1.12
Ismaïla_Sarr,4.32
Ismaïla_Sarr,4.25
Issa_Diop,10.71
Issa_Diop,5.98
Issa_Diop,6.35
Ivan_Cavaleiro,0.12
Ivan_Cavaleiro,0.17
Ivan_Cavaleiro,0.1
Jack_Colback,0.0
Jack_Colback,0.0
Jack_Colback,0.0
Jack_Cork,0.76
Jack_Cork,1.35
Jack_Cork,1.16
Jack_Grealish,2.94
Jack_Grealish,3.88
Jack_Grealish,5.25
Jack_O'Connell,0.88
Jack_O'Connell,2.57
Jack_O'Connell,7.13
Jack_Robinson,?
Jack_Simpson,0.01
Jack_Simpson,0.05
Jack_Simpson,0.04
Jack_Stacey,2.94
Jack_Stacey,0.58
Jack_Stacey,2.58
Jack_Stephens,6.44
Jack_Stephens,0.17
Jack_Stephens,0.14
Jack_Wilshere,0.02
Jack_Wilshere,0.02
Jack_Wilshere,0.04
Jacob_Murphy,0.08
Jacob_Murphy,0.17
Jacob_Murphy,0.39
Jairo_Riedewald,0.78
Jairo_Riedewald,0.41
Jairo_Riedewald,0.06
Jake_Eastwood,0.0
Jake_Eastwood,0.0
Jake_Eastwood,0.0
Jamaal_Lascelles,8.99
Jamaal_Lascelles,0.88
Jamaal_Lascelles,5.06
Jamal_Lewis,10.35
Jamal_Lewis,6.13
Jamal_Lewis,9.36
James_Chester,0.0
James_Chester,0.0
James_Chester,0.0
James_Daly,0.0
James_Daly,0.0
James_Daly,0.0
James_Garner,0.0
James_Garner,0.0
James_Garner,0.0
James_Justin,0.9
James_Justin,3.22
James_Justin,0.41
James_Maddison,12.66
James_Maddison,5.78
James_Maddison,3.95
James_McArthur,3.62
James_McArthur,3.34
James_McArthur,2.37
James_McCarthy,0.38
James_McCarthy,1.54
James_McCarthy,1.64
James_Milner,1.28
James_Milner,0.46
James_Milner,2.02
James_Tarkowski,0.69
James_Tarkowski,8.46
James_Tarkowski,15.15
James_Tomkins,0.34
James_Tomkins,1.0
James_Tomkins,0.81
James_Ward-Prowse,1.02
James_Ward-Prowse,2.02
James_Ward-Prowse,6.64
Jamie_Vardy,3.6
Jamie_Vardy,11.52
Jamie_Vardy,9.24
Jannik_Vestergaard,2.79
Jannik_Vestergaard,6.33
Jannik_Vestergaard,6.93
Jan_Bednarek,2.19
Jan_Bednarek,6.71
Jan_Bednarek,3.48
Jan_Vertonghen,1.94
Jan_Vertonghen,0.18
Jan_Vertonghen,1.37
Japhet_Tanganga,1.37
Japhet_Tanganga,1.32
Japhet_Tanganga,1.47
Javier_Hernández Balcázar,0.32
Javier_Hernández Balcázar,0.73
Javier_Hernández Balcázar,1.35
Javier_Manquillo,6.42
Javier_Manquillo,3.59
Javier_Manquillo,3.85
Jay_Rodriguez,6.91
Jay_Rodriguez,0.53
Jay_Rodriguez,6.28
Jean-Philippe_Gbamin,0.0
Jean-Philippe_Gbamin,0.0
Jean-Philippe_Gbamin,0.0
Jed_Steer,0.0
Jed_Steer,0.0
Jed_Steer,0.0
Jefferson_Lerma,6.75
Jefferson_Lerma,2.71
Jefferson_Lerma,0.18
Jeffrey_Schlupp,0.09
Jeffrey_Schlupp,0.1
Jeffrey_Schlupp,0.12
Jeff_Hendrick,1.0
Jeff_Hendrick,3.08
Jeff_Hendrick,4.77
Jeremy_Ngakia,1.4
Jeremy_Ngakia,1.4
Jeremy_Ngakia,1.4
Jesse_Lingard,0.07
Jesse_Lingard,0.02
Jesse_Lingard,0.0
Jesús_Vallejo Lázaro,0.0
Jesús_Vallejo Lázaro,0.0
Jesús_Vallejo Lázaro,0.0
Jetro_Willems,0.17
Jetro_Willems,0.41
Jetro_Willems,0.46
Joelinton Cássio_Apolinário de Lira,1.17
Joelinton Cássio_Apolinário de Lira,1.04
Joelinton Cássio_Apolinário de Lira,0.83
Joel_Matip,0.05
Joel_Matip,0.09
Joel_Matip,0.01
Joel_Ward,11.83
Joel_Ward,8.24
Joel_Ward,2.62
Joe_Hart,0.34
Joe_Hart,0.23
Joe_Hart,0.19
Johann Berg_Gudmundsson,1.02
Johann Berg_Gudmundsson,1.0
Johann Berg_Gudmundsson,1.18
John_Egan,5.33
John_Egan,0.49
John_Egan,1.4
John_Fleck,8.04
John_Fleck,1.77
John_Fleck,1.35
John_Lundstram,4.0
John_Lundstram,1.45
John_Lundstram,2.07
John_McGinn,0.07
John_McGinn,0.1
John_McGinn,0.13
John_Ruddy,0.0
John_Ruddy,0.0
John_Ruddy,0.0
John_Stones,1.5
John_Stones,1.25
John_Stones,0.23
Jonas_Lössl,0.67
Jonas_Lössl,0.55
Jonas_Lössl,0.67
Jonathan_Castro Otto,1.95
Jonathan_Castro Otto,6.08
Jonathan_Castro Otto,5.87
Jonathan_Kodjia,0.74
Jonathan_Kodjia,0.64
Jonathan_Kodjia,0.8
Jonjo_Shelvey,0.05
Jonjo_Shelvey,1.38
Jonjo_Shelvey,0.84
Jonny_Evans,1.84
Jonny_Evans,6.9
Jonny_Evans,0.26
Jordan_Ayew,6.29
Jordan_Ayew,5.6
Jordan_Ayew,2.34
Jordan_Henderson,2.0
Jordan_Henderson,4.14
Jordan_Henderson,2.37
Jordan_Pickford,1.23
Jordan_Pickford,3.15
Jordan_Pickford,2.52
Jordon_Ibe,2.05
Jordon_Ibe,2.11
Jordon_Ibe,2.59
Jorge Luiz_Frello Filho,3.08
Jorge Luiz_Frello Filho,0.69
Jorge Luiz_Frello Filho,5.79
Jose Luis_Mato Sanmartín,0.14
Jose Luis_Mato Sanmartín,0.15
Jose Luis_Mato Sanmartín,0.16
Joseph_Anang,0.0
Joseph_Anang,0.0
Joseph_Anang,0.0
Joseph_Gomez,6.71
Joseph_Gomez,3.81
Joseph_Gomez,1.12
Joseph_Willock,0.07
Joseph_Willock,0.15
Joseph_Willock,1.31
Joshua_King,6.34
Joshua_King,11.14
Joshua_King,6.49
Josh_Brownhill,?
Josip_Drmic,0.7
Josip_Drmic,0.7
Josip_Drmic,0.7
José Diogo_Dalot Teixeira,0.33
José Diogo_Dalot Teixeira,0.18
José Diogo_Dalot Teixeira,0.03
José Heriberto_Izquierdo Mena,0.13
José Heriberto_Izquierdo Mena,0.15
José Heriberto_Izquierdo Mena,0.13
José Ignacio_Peleteiro Romallo,0.01
José Ignacio_Peleteiro Romallo,0.0
José Ignacio_Peleteiro Romallo,0.0
José Ángel_Esmorís Tasende,0.02
José Ángel_Esmorís Tasende,0.0
José Ángel_Esmorís Tasende,0.0
José_Holebas,2.31
José_Holebas,2.36
José_Holebas,2.36
José_Reina,?
João Filipe Iria_Santos Moutinho,0.34
João Filipe Iria_Santos Moutinho,8.58
João Filipe Iria_Santos Moutinho,2.11
João Manuel_Neves Virgínia,?
João Pedro Cavaco_Cancelo,0.39
João Pedro Cavaco_Cancelo,0.08
João Pedro Cavaco_Cancelo,0.44
João Pedro_Junqueira de Jesus,?
Juan_Foyth,0.5
Juan_Foyth,0.5
Juan_Foyth,0.5
Juan_Mata,6.65
Juan_Mata,2.45
Juan_Mata,1.06
Junior_Stanislas,1.02
Junior_Stanislas,0.51
Junior_Stanislas,0.46
Jürgen_Locadia,0.04
Jürgen_Locadia,0.03
Jürgen_Locadia,0.05
Karl_Darlow,0.03
Karl_Darlow,0.03
Karl_Darlow,0.03
Kasper_Schmeichel,4.74
Kasper_Schmeichel,0.53
Kasper_Schmeichel,7.13
Kayne_Ramsay,0.0
Kayne_Ramsay,0.0
Kayne_Ramsay,0.0
Keinan_Davis,1.73
Keinan_Davis,0.23
Keinan_Davis,2.05
Kelechi_Iheanacho,7.87
Kelechi_Iheanacho,1.87
Kelechi_Iheanacho,7.48
Kelland_Watts,0.0
Kelland_Watts,0.0
Kelland_Watts,0.0
Kenny_McLean,1.71
Kenny_McLean,0.92
Kenny_McLean,2.05
Ken_Sema,0.09
Ken_Sema,0.09
Ken_Sema,0.09
Kepa_Arrizabalaga,1.44
Kepa_Arrizabalaga,1.02
Kepa_Arrizabalaga,3.06
Kevin_Danso,0.0
Kevin_Danso,0.0
Kevin_Danso,0.01
Kevin_De Bruyne,13.48
Kevin_De Bruyne,4.54
Kevin_De Bruyne,8.94
Kevin_Long,0.0
Kevin_Long,0.0
Kevin_Long,0.0
Ki-Jana_Hoever,?
Kieran_Tierney,0.0
Kieran_Tierney,0.0
Kieran_Tierney,0.0
Kieran_Trippier,0.74
Kieran_Trippier,0.73
Kieran_Trippier,0.72
Kieron_Freeman,0.0
Kieron_Freeman,0.0
Kieron_Freeman,0.0
Konstantinos_Mavropanos,0.06
Konstantinos_Mavropanos,0.06
Konstantinos_Mavropanos,0.06
Kortney_Hause,3.21
Kortney_Hause,0.03
Kortney_Hause,4.67
Kurt_Zouma,0.87
Kurt_Zouma,0.93
Kurt_Zouma,1.3
Kyle_Walker-Peters,0.54
Kyle_Walker-Peters,0.48
Kyle_Walker-Peters,0.72
Kyle_Walker,3.61
Kyle_Walker,1.58
Kyle_Walker,6.64
Laurent_Koscielny,0.24
Laurent_Koscielny,0.24
Laurent_Koscielny,0.26
Leander_Dendoncker,2.43
Leander_Dendoncker,4.3
Leander_Dendoncker,6.1
Leandro_Trossard,6.72
Leandro_Trossard,2.09
Leandro_Trossard,6.65
Lee_Grant,0.0
Lee_Grant,0.01
Lee_Grant,0.01
Leighton_Baines,3.51
Leighton_Baines,7.37
Leighton_Baines,8.25
Leon_Balogun,0.01
Leon_Balogun,0.01
Leon_Balogun,0.01
Leon_Clarke,0.0
Leon_Clarke,0.0
Leon_Clarke,0.0
Leroy_Sané,0.92
Leroy_Sané,0.72
Leroy_Sané,0.71
Lewis_Cook,3.94
Lewis_Cook,0.49
Lewis_Cook,0.32
Lewis_Dunk,4.05
Lewis_Dunk,0.95
Lewis_Dunk,5.22
Lewis_Gibson,0.0
Lewis_Gibson,0.0
Lewis_Gibson,0.0
Liam_Gibson,?
Lloyd_Kelly,0.0
Lloyd_Kelly,0.0
Lloyd_Kelly,0.0
Lovre_Kalinic,0.0
Lovre_Kalinic,0.0
Lovre_Kalinic,0.0
Lucas_Digne,9.95
Lucas_Digne,1.94
Lucas_Digne,6.87
Lucas_Rodrigues Moura da Silva,1.41
Lucas_Rodrigues Moura da Silva,0.93
Lucas_Rodrigues Moura da Silva,0.58
Lucas_Torreira,4.18
Lucas_Torreira,6.29
Lucas_Torreira,7.57
Lukasz_Fabianski,1.74
Lukasz_Fabianski,1.07
Lukasz_Fabianski,0.38
Lukas_Rupp,?
Luka_Milivojevic,1.59
Luka_Milivojevic,1.52
Luka_Milivojevic,2.9
Luke_Amos,0.0
Luke_Amos,0.0
Luke_Amos,0.0
Luke_Cundle,0.0
Luke_Cundle,0.0
Luke_Cundle,0.0
Luke_Dreher,0.0
Luke_Dreher,0.0
Luke_Dreher,0.0
Luke_Freeman,0.01
Luke_Freeman,0.03
Luke_Freeman,0.04
Luke_Shaw,0.89
Luke_Shaw,2.8
Luke_Shaw,12.46
Lys_Mousset,0.87
Lys_Mousset,0.79
Lys_Mousset,0.81
Maarten_Stekelenburg,0.0
Maarten_Stekelenburg,0.0
Maarten_Stekelenburg,0.0
Mace_Goodridge,0.0
Mace_Goodridge,0.0
Mace_Goodridge,0.0
Mahmoud Ahmed_Ibrahim Hassan,0.45
Mahmoud Ahmed_Ibrahim Hassan,0.01
Mahmoud Ahmed_Ibrahim Hassan,0.81
Mamadou_Sakho,0.4
Mamadou_Sakho,0.34
Mamadou_Sakho,0.37
Manuel_Lanzini,0.21
Manuel_Lanzini,0.2
Manuel_Lanzini,0.28
Marcos_Alonso,0.49
Marcos_Alonso,2.47
Marcos_Alonso,1.24
Marcos_Rojo,0.08
Marcos_Rojo,0.09
Marcos_Rojo,0.09
Marco_Stiepermann,0.38
Marco_Stiepermann,0.63
Marco_Stiepermann,0.37
Marcus_Rashford,0.74
Marcus_Rashford,0.14
Marcus_Rashford,0.29
Marc_Albrighton,5.87
Marc_Albrighton,2.71
Marc_Albrighton,2.5
Marc_Navarro,0.0
Marc_Navarro,0.0
Marc_Navarro,0.0
Mario_Lemina,0.06
Mario_Lemina,0.06
Mario_Lemina,0.06
Mario_Vrancic,1.76
Mario_Vrancic,4.08
Mario_Vrancic,1.88
Marko_Arnautovic,0.75
Marko_Arnautovic,1.03
Marko_Arnautovic,0.8
Mark_Duffy,0.0
Mark_Duffy,0.0
Mark_Duffy,0.0
Mark_Noble,11.66
Mark_Noble,0.75
Mark_Noble,3.28
Mark_Travers,0.0
Mark_Travers,0.01
Mark_Travers,0.01
Martin_Dubravka,7.7
Martin_Dubravka,0.64
Martin_Dubravka,5.02
Martin_Kelly,1.38
Martin_Kelly,0.5
Martin_Kelly,0.62
Martín_Montoya,0.37
Martín_Montoya,1.98
Martín_Montoya,7.03
Marvelous_Nakamba,0.81
Marvelous_Nakamba,1.24
Marvelous_Nakamba,1.31
Mason_Greenwood,4.45
Mason_Greenwood,1.92
Mason_Greenwood,7.84
Mason_Holgate,3.69
Mason_Holgate,0.6
Mason_Holgate,1.21
Mason_Mount,5.9
Mason_Mount,0.64
Mason_Mount,0.0
Matej_Vydra,0.64
Matej_Vydra,0.68
Matej_Vydra,1.83
Mateo_Kovacic,6.37
Mateo_Kovacic,0.82
Mateo_Kovacic,1.24
Mathew_Ryan,0.37
Mathew_Ryan,1.78
Mathew_Ryan,6.75
Matteo_Darmian,0.08
Matteo_Darmian,0.08
Matteo_Darmian,0.08
Matteo_Guendouzi,0.01
Matteo_Guendouzi,0.72
Matteo_Guendouzi,1.62
Matthew_Clarke,0.0
Matthew_Clarke,0.0
Matthew_Clarke,0.0
Matthew_Longstaff,0.55
Matthew_Longstaff,0.26
Matthew_Longstaff,0.3
Matthew_Lowton,2.5
Matthew_Lowton,1.8
Matthew_Lowton,6.37
Matty_James,0.35
Matty_James,0.26
Matty_James,0.13
Matt_Doherty,5.44
Matt_Doherty,6.92
Matt_Doherty,5.07
Matt_Ritchie,7.96
Matt_Ritchie,4.06
Matt_Ritchie,7.5
Matt_Targett,2.09
Matt_Targett,1.15
Matt_Targett,0.14
Maximillian_Aarons,11.46
Maximillian_Aarons,0.57
Maximillian_Aarons,3.83
Max_Kilman,0.97
Max_Kilman,1.4
Max_Kilman,1.75
Max_Meyer,0.06
Max_Meyer,0.58
Max_Meyer,0.26
Maya_Yoshida,0.72
Maya_Yoshida,1.73
Maya_Yoshida,3.18
Mbwana_Samatta,?
Mesut_Özil,3.48
Mesut_Özil,9.53
Mesut_Özil,6.92
Michael_Keane,1.51
Michael_Keane,2.37
Michael_Keane,0.4
Michael_McGovern,0.0
Michael_McGovern,0.0
Michael_McGovern,0.0
Michael_Obafemi,3.82
Michael_Obafemi,3.07
Michael_Obafemi,1.74
Michael_Verrips,0.0
Michael_Verrips,0.0
Michael_Verrips,0.0
Michail_Antonio,6.19
Michail_Antonio,1.31
Michail_Antonio,0.55
Michel_Vorm,0.0
Michel_Vorm,0.0
Michel_Vorm,0.0
Michy_Batshuayi,1.97
Michy_Batshuayi,1.26
Michy_Batshuayi,1.38
Miguel_Almirón,1.11
Miguel_Almirón,2.52
Miguel_Almirón,4.82
Mihai-Alexandru_Dobre,0.0
Mihai-Alexandru_Dobre,0.0
Mihai-Alexandru_Dobre,0.0
Mohamed_Elneny,0.0
Mohamed_Elneny,0.0
Mohamed_Elneny,0.0
Mohamed_Elyounoussi,0.0
Mohamed_Elyounoussi,0.0
Mohamed_Elyounoussi,0.0
Mohamed_Salah,6.76
Mohamed_Salah,6.68
Mohamed_Salah,16.5
Moise_Kean,5.01
Moise_Kean,6.24
Moise_Kean,1.07
Morgan_Gibbs-White,0.43
Morgan_Gibbs-White,0.37
Morgan_Gibbs-White,0.6
Morgan_Schneiderlin,0.19
Morgan_Schneiderlin,0.32
Morgan_Schneiderlin,0.55
Moritz_Leitner,0.0
Moritz_Leitner,0.0
Moritz_Leitner,0.01
Moussa_Djenepo,0.44
Moussa_Djenepo,0.3
Moussa_Djenepo,0.66
Moussa_Sissoko,0.95
Moussa_Sissoko,0.17
Moussa_Sissoko,2.26
Muhamed_Bešić,0.66
Muhamed_Bešić,1.27
Muhamed_Bešić,1.72
N'Golo_Kanté,0.81
N'Golo_Kanté,0.88
N'Golo_Kanté,0.71
Naby_Keita,0.88
Naby_Keita,0.81
Naby_Keita,0.87
Nacho_Monreal,0.71
Nacho_Monreal,0.86
Nacho_Monreal,1.07
Nampalys_Mendy,0.88
Nampalys_Mendy,0.66
Nampalys_Mendy,0.13
Nathaniel_Chalobah,1.89
Nathaniel_Chalobah,3.67
Nathaniel_Chalobah,2.32
Nathaniel_Phillips,0.0
Nathaniel_Phillips,0.0
Nathaniel_Phillips,0.0
Nathan_Aké,0.78
Nathan_Aké,1.67
Nathan_Aké,2.24
Nathan_Holland,0.0
Nathan_Holland,0.0
Nathan_Holland,0.0
Nathan_Redmond,2.35
Nathan_Redmond,0.39
Nathan_Redmond,5.25
Neal_Maupay,1.42
Neal_Maupay,0.74
Neal_Maupay,0.73
Neco_Williams,0.0
Neco_Williams,0.0
Neco_Williams,0.0
Neil_Taylor,0.18
Neil_Taylor,0.15
Neil_Taylor,0.19
Nemanja_Matic,4.0
Nemanja_Matic,8.2
Nemanja_Matic,5.74
Nick_Pope,6.63
Nick_Pope,5.94
Nick_Pope,2.7
Nicolas_Pépé,1.94
Nicolas_Pépé,4.93
Nicolas_Pépé,9.47
Nicolás_Otamendi,5.53
Nicolás_Otamendi,8.77
Nicolás_Otamendi,6.34
Nya_Kirby,0.0
Nya_Kirby,0.0
Nya_Kirby,0.0
Oleksandr_Zinchenko,2.56
Oleksandr_Zinchenko,1.85
Oleksandr_Zinchenko,2.37
Oliver_McBurnie,4.37
Oliver_McBurnie,2.77
Oliver_McBurnie,1.31
Oliver_Norwood,3.29
Oliver_Norwood,0.91
Oliver_Norwood,6.16
Oliver_Skipp,0.8
Oliver_Skipp,0.72
Oliver_Skipp,0.1
Olivier_Giroud,7.16
Olivier_Giroud,6.33
Olivier_Giroud,5.99
Ondrej_Duda,?
Onel_Hernández,0.21
Onel_Hernández,0.15
Onel_Hernández,0.26
Oriol_Romeu Vidal,0.78
Oriol_Romeu Vidal,0.41
Oriol_Romeu Vidal,0.42
Oskar_Buur,0.0
Oskar_Buur,0.0
Oskar_Buur,0.0
Oumar_Niasse,0.03
Oumar_Niasse,0.05
Oumar_Niasse,0.04
Owen_Otasowie,0.0
Owen_Otasowie,0.0
Owen_Otasowie,0.0
Pablo_Fornals,3.04
Pablo_Fornals,4.87
Pablo_Fornals,1.73
Pablo_Marí,?
Pablo_Zabaleta,0.1
Pablo_Zabaleta,0.0
Pablo_Zabaleta,0.04
Panagiotis_Retsos,?
Pascal_Groß,0.13
Pascal_Groß,0.89
Pascal_Groß,0.95
Patrick_Cutrone,0.12
Patrick_Cutrone,0.12
Patrick_Cutrone,0.12
Patrick_Roberts,0.0
Patrick_Roberts,0.0
Patrick_Roberts,0.0
Patrick_van Aanholt,0.65
Patrick_van Aanholt,7.85
Patrick_van Aanholt,6.43
Paulo_Gazzaniga,1.83
Paulo_Gazzaniga,0.08
Paulo_Gazzaniga,0.1
Paul_Dummett,0.13
Paul_Dummett,0.13
Paul_Dummett,0.12
Paul_Pogba,0.43
Paul_Pogba,0.41
Paul_Pogba,0.42
Pedro_Lomba Neto,0.69
Pedro_Lomba Neto,1.96
Pedro_Lomba Neto,3.9
Pedro_Obiang,1.4
Pedro_Obiang,2.73
Pedro_Obiang,3.53
Pedro_Rodríguez Ledesma,11.26
Pedro_Rodríguez Ledesma,11.66
Pedro_Rodríguez Ledesma,7.2
Philip_Billing,12.29
Philip_Billing,3.03
Philip_Billing,4.38
Philip_Heise,0.0
Philip_Heise,0.0
Philip_Heise,0.0
Phil_Bardsley,2.52
Phil_Bardsley,1.64
Phil_Bardsley,0.07
Phil_Foden,0.91
Phil_Foden,1.26
Phil_Foden,1.09
Phil_Jagielka,0.29
Phil_Jagielka,0.29
Phil_Jagielka,0.27
Phil_Jones,0.56
Phil_Jones,0.25
Phil_Jones,0.58
Pierre-Emerick_Aubameyang,7.1
Pierre-Emerick_Aubameyang,1.36
Pierre-Emerick_Aubameyang,5.24
Pierre-Emile_Højbjerg,2.67
Pierre-Emile_Højbjerg,1.82
Pierre-Emile_Højbjerg,1.84
Pontus_Dahlberg,0.0
Pontus_Dahlberg,0.0
Pontus_Dahlberg,0.0
Rachid_Ghezzal,0.0
Rachid_Ghezzal,0.0
Rachid_Ghezzal,0.0
Rafael_Camacho,0.0
Rafael_Camacho,0.0
Rafael_Camacho,0.0
Raheem_Sterling,2.02
Raheem_Sterling,3.49
Raheem_Sterling,4.08
Ralf_Fahrmann,0.0
Ralf_Fahrmann,0.0
Ralf_Fahrmann,0.0
Ravel_Morrison,0.0
Ravel_Morrison,0.0
Ravel_Morrison,0.0
Raúl_Jiménez,10.52
Raúl_Jiménez,13.61
Raúl_Jiménez,9.05
Reece_James,6.79
Reece_James,4.04
Reece_James,1.9
Reiss_Nelson,0.14
Reiss_Nelson,0.29
Reiss_Nelson,0.4
Rhian_Brewster,0.0
Rhian_Brewster,0.0
Rhian_Brewster,0.0
Rhu-endly_Martina,0.0
Rhu-endly_Martina,0.0
Rhu-endly_Martina,0.0
Ricardo Domingos_Barbosa Pereira,7.58
Ricardo Domingos_Barbosa Pereira,12.37
Ricardo Domingos_Barbosa Pereira,7.37
Richairo_Zivkovic,?
Richard_Stearman,0.0
Richard_Stearman,0.0
Richard_Stearman,0.0
Richarlison_de Andrade,1.87
Richarlison_de Andrade,11.77
Richarlison_de Andrade,4.1
Riyad_Mahrez,3.95
Riyad_Mahrez,0.9
Riyad_Mahrez,1.05
Robbie_Brady,0.2
Robbie_Brady,0.17
Robbie_Brady,0.64
Robert Kenedy_Nunes do Nascimento,0.48
Robert Kenedy_Nunes do Nascimento,0.44
Robert Kenedy_Nunes do Nascimento,0.46
Roberto_Firmino,6.71
Roberto_Firmino,12.2
Roberto_Firmino,3.96
Roberto_Jimenez Gago,0.03
Roberto_Jimenez Gago,0.01
Roberto_Jimenez Gago,0.0
Roberto_Pereyra,1.08
Roberto_Pereyra,0.36
Roberto_Pereyra,0.91
Robert_Elliot,0.0
Robert_Elliot,0.0
Robert_Elliot,0.0
Robert_Snodgrass,3.56
Robert_Snodgrass,3.55
Robert_Snodgrass,5.46
Rob_Holding,0.07
Rob_Holding,0.1
Rob_Holding,0.08
Rodrigo_Hernandez,11.36
Rodrigo_Hernandez,6.61
Rodrigo_Hernandez,8.3
Rolando_Aarons,0.0
Rolando_Aarons,0.0
Rolando_Aarons,0.0
Romain_Saïss,1.87
Romain_Saïss,1.81
Romain_Saïss,3.91
Romelu_Lukaku,0.16
Romelu_Lukaku,0.16
Romelu_Lukaku,0.15
Ross_Barkley,2.39
Ross_Barkley,6.41
Ross_Barkley,2.06
Ruben_Loftus-Cheek,0.26
Ruben_Loftus-Cheek,0.25
Ruben_Loftus-Cheek,0.25
Rui Pedro_dos Santos Patrício,7.85
Rui Pedro_dos Santos Patrício,8.78
Rui Pedro_dos Santos Patrício,10.62
Ryan_Bennett,0.04
Ryan_Bennett,0.06
Ryan_Bennett,0.08
Ryan_Bertrand,6.21
Ryan_Bertrand,4.21
Ryan_Bertrand,2.56
Ryan_Fraser,0.44
Ryan_Fraser,0.44
Ryan_Fraser,0.57
Ryan_Fredericks,0.81
Ryan_Fredericks,0.77
Ryan_Fredericks,0.62
Ryan_Giles,?
Ryan_Sessegnon,0.3
Ryan_Sessegnon,0.48
Ryan_Sessegnon,0.34
Rúben Diogo_da Silva Neves,1.13
Rúben Diogo_da Silva Neves,1.85
Rúben Diogo_da Silva Neves,1.09
Rúben Gonçalo_Silva Nascimento Vinagre,3.98
Rúben Gonçalo_Silva Nascimento Vinagre,3.68
Rúben Gonçalo_Silva Nascimento Vinagre,6.72
Sadio_Mané,10.57
Sadio_Mané,6.87
Sadio_Mané,1.69
Sam_Byram,6.12
Sam_Byram,1.11
Sam_Byram,11.27
Sam_Gallagher,0.0
Sam_Gallagher,0.0
Sam_Gallagher,0.0
Sam_Surridge,0.18
Sam_Surridge,0.12
Sam_Surridge,0.12
Sam_Woods,0.0
Sam_Woods,0.0
Sam_Woods,0.0
Sander_Berge,?
Scott_Carson,0.0
Scott_Carson,0.0
Scott_Carson,0.0
Scott_Dann,6.49
Scott_Dann,8.17
Scott_Dann,12.79
Scott_McTominay,3.27
Scott_McTominay,4.16
Scott_McTominay,2.41
Sead_Kolasinac,0.52
Sead_Kolasinac,0.29
Sead_Kolasinac,0.71
Seamus_Coleman,1.0
Seamus_Coleman,0.43
Seamus_Coleman,0.59
Sean_Longstaff,1.84
Sean_Longstaff,0.42
Sean_Longstaff,0.8
Sebastian_Prödl,0.11
Sebastian_Prödl,0.07
Sebastian_Prödl,0.03
Serge_Aurier,3.06
Serge_Aurier,5.41
Serge_Aurier,5.1
Sergio_Agüero,10.49
Sergio_Agüero,6.39
Sergio_Agüero,8.59
Sergio_Romero,0.0
Sergio_Romero,0.0
Sergio_Romero,0.0
Shane_Duffy,1.56
Shane_Duffy,0.53
Shane_Duffy,3.49
Shane_Long,2.34
Shane_Long,5.1
Shane_Long,0.04
Shkodran_Mustafi,3.86
Shkodran_Mustafi,4.04
Shkodran_Mustafi,1.35
Simon_Francis,0.33
Simon_Francis,0.25
Simon_Francis,0.33
Simon_Mignolet,0.0
Simon_Mignolet,0.0
Simon_Mignolet,0.0
Simon_Moore,0.0
Simon_Moore,0.0
Simon_Moore,0.0
Sofiane_Boufal,1.48
Sofiane_Boufal,1.35
Sofiane_Boufal,1.94
Sokratis_Papastathopoulos,2.81
Sokratis_Papastathopoulos,6.12
Sokratis_Papastathopoulos,5.77
Solomon_March,1.22
Solomon_March,4.41
Solomon_March,8.83
Stephen_Henderson,0.0
Stephen_Henderson,0.0
Stephen_Henderson,0.0
Steven_Alzate,0.62
Steven_Alzate,0.03
Steven_Alzate,0.11
Steven_Bergwijn,?
Steven_Defour,0.05
Steven_Defour,0.03
Steven_Defour,0.04
Steve_Cook,1.79
Steve_Cook,1.07
Steve_Cook,0.81
Stuart_Armstrong,3.33
Stuart_Armstrong,3.96
Stuart_Armstrong,8.14
Sung-yueng_Ki,0.09
Sung-yueng_Ki,0.13
Sung-yueng_Ki,0.16
Sébastien_Haller,0.28
Sébastien_Haller,1.89
Sébastien_Haller,1.15
Tahith_Chong,0.72
Tahith_Chong,0.07
Tahith_Chong,0.04
Takumi_Minamino,0.0
Takumi_Minamino,0.0
Takumi_Minamino,0.0
Tammy_Abraham,1.07
Tammy_Abraham,0.05
Tammy_Abraham,0.29
Tanguy_Ndombele,2.54
Tanguy_Ndombele,1.09
Tanguy_Ndombele,3.28
Tariq_Lamptey,0.0
Tariq_Lamptey,0.0
Tariq_Lamptey,0.0
Taylor_Perry,0.0
Taylor_Perry,0.0
Taylor_Perry,0.0
Teemu_Pukki,3.31
Teemu_Pukki,4.62
Teemu_Pukki,0.26
Theo_Walcott,9.82
Theo_Walcott,4.83
Theo_Walcott,1.63
Thomas_Allan,?
Timm_Klose,0.0
Timm_Klose,0.0
Timm_Klose,0.0
Tim_Krul,10.74
Tim_Krul,3.6
Tim_Krul,2.35
Toby_Alderweireld,6.76
Toby_Alderweireld,0.87
Toby_Alderweireld,4.15
Todd_Cantwell,3.82
Todd_Cantwell,0.97
Todd_Cantwell,2.43
Tomas_Soucek,?
Tom_Cleverley,0.11
Tom_Cleverley,0.03
Tom_Cleverley,0.02
Tom_Davies,0.92
Tom_Davies,0.52
Tom_Davies,0.89
Tom_Heaton,0.23
Tom_Heaton,0.44
Tom_Heaton,0.47
Tom_Trybull,0.03
Tom_Trybull,0.05
Tom_Trybull,0.08
Trent_Alexander-Arnold,12.54
Trent_Alexander-Arnold,22.51
Trent_Alexander-Arnold,1.43
Troy_Deeney,2.35
Troy_Deeney,2.71
Troy_Deeney,8.45
Troy_Parrott,0.01
Troy_Parrott,0.3
Troy_Parrott,0.72
Tudor_Baluta,0.0
Tudor_Baluta,0.0
Tudor_Baluta,0.0
Tyreece_John-Jules,0.0
Tyreece_John-Jules,0.0
Tyreece_John-Jules,0.0
Tyreke_Johnson,0.0
Tyreke_Johnson,0.0
Tyreke_Johnson,0.0
Tyrick_Mitchell,0.0
Tyrick_Mitchell,0.0
Tyrick_Mitchell,0.0
Tyrone_Mings,0.51
Tyrone_Mings,4.21
Tyrone_Mings,1.85
Valentino_Lazaro,?
Vicente_Guaita,3.76
Vicente_Guaita,2.4
Vicente_Guaita,7.09
Victor_Lindelöf,4.11
Victor_Lindelöf,2.83
Victor_Lindelöf,6.91
Victor_Wanyama,0.31
Victor_Wanyama,0.22
Victor_Wanyama,0.24
Vincent_Janssen,0.36
Vincent_Janssen,0.36
Vincent_Janssen,0.39
Virgil_van Dijk,4.61
Virgil_van Dijk,8.77
Virgil_van Dijk,5.69
Víctor_Camarasa,0.08
Víctor_Camarasa,0.1
Víctor_Camarasa,0.12
Wayne_Hennessey,0.08
Wayne_Hennessey,0.09
Wayne_Hennessey,0.09
Wesley_Hoedt,0.15
Wesley_Hoedt,0.19
Wesley_Hoedt,0.09
Wesley_Moraes,0.54
Wesley_Moraes,0.64
Wesley_Moraes,0.67
Wes_Morgan,0.36
Wes_Morgan,0.31
Wes_Morgan,0.38
Wilfred_Ndidi,1.66
Wilfred_Ndidi,0.25
Wilfred_Ndidi,3.24
Wilfried_Zaha,3.77
Wilfried_Zaha,3.18
Wilfried_Zaha,3.02
William_Smallbone,0.43
William_Smallbone,0.51
William_Smallbone,0.55
Willian_Borges Da Silva,5.18
Willian_Borges Da Silva,0.76
Willian_Borges Da Silva,6.36
Willy_Boly,5.72
Willy_Boly,0.69
Willy_Boly,11.22
Willy_Caballero,2.93
Willy_Caballero,0.26
Willy_Caballero,2.48
Will_Hughes,0.5
Will_Hughes,0.15
Will_Hughes,0.23
Will_Norris,0.0
Will_Norris,0.0
Will_Norris,0.0
Winston_Reid,0.04
Winston_Reid,0.11
Winston_Reid,0.4
Xherdan_Shaqiri,0.7
Xherdan_Shaqiri,0.49
Xherdan_Shaqiri,0.55
Yan_Valery,0.39
Yan_Valery,1.1
Yan_Valery,0.13
Yerry_Mina,0.23
Yerry_Mina,8.4
Yerry_Mina,2.55
Yoshinori_Muto,0.3
Yoshinori_Muto,0.07
Yoshinori_Muto,0.2
Youri_Tielemans,0.28
Youri_Tielemans,6.67
Youri_Tielemans,6.88
Yves_Bissouma,1.09
Yves_Bissouma,1.34
Yves_Bissouma,1.36
Çaglar_Söyüncü,0.73
Çaglar_Söyüncü,3.57
Çaglar_Söyüncü,4.88
Ørjan_Nyland,0.21
Ørjan_Nyland,0.08
Ørjan_Nyland,0.08
